student_id,first_name,last_name,email,password,gender,dob,phone_number,address,program_id
1416455,Mr,Student1,student1@iub.edu.bd,12345678,,,,,1
1579288,Mr,Student2,student2@iub.edu.bd,12345678,,,,,1
1528882,Mr,Student3,student3@iub.edu.bd,12345678,,,,,1
1653725,Mr,Student4,student4@iub.edu.bd,12345678,,,,,1
1625654,Mr,Student5,student5@iub.edu.bd,12345678,,,,,1
1669953,Mr,Student6,student6@iub.edu.bd,12345678,,,,,1
1665555,Mr,Student7,student7@iub.edu.bd,12345678,,,,,1
1616161,Mr,Student8,student8@iub.edu.bd,12345678,,,,,1
1633554,Mr,Student9,student9@iub.edu.bd,12345678,,,,,1
1645333,Mr,Student10,student10@iub.edu.bd,12345678,,,,,1
1691291,Mr,Student11,student11@iub.edu.bd,12345678,,,,,1
1662147,Mr,Student12,student12@iub.edu.bd,12345678,,,,,1
1691483,Mr,Student13,student13@iub.edu.bd,12345678,,,,,1
1674181,Mr,Student14,student14@iub.edu.bd,12345678,,,,,1
1641252,Mr,Student15,student15@iub.edu.bd,12345678,,,,,1
1695837,Mr,Student16,student16@iub.edu.bd,12345678,,,,,1
1613273,Mr,Student17,student17@iub.edu.bd,12345678,,,,,1
1612985,Mr,Student18,student18@iub.edu.bd,12345678,,,,,1
1623112,Mr,Student19,student19@iub.edu.bd,12345678,,,,,1
1668314,Mr,Student20,student20@iub.edu.bd,12345678,,,,,1
1622731,Mr,Student21,student21@iub.edu.bd,12345678,,,,,1
1696326,Mr,Student22,student22@iub.edu.bd,12345678,,,,,1
1646434,Mr,Student23,student23@iub.edu.bd,12345678,,,,,1
1614142,Mr,Student24,student24@iub.edu.bd,12345678,,,,,1
1654432,Mr,Student25,student25@iub.edu.bd,12345678,,,,,1
1678812,Mr,Student26,student26@iub.edu.bd,12345678,,,,,1
1614733,Mr,Student27,student27@iub.edu.bd,12345678,,,,,1
1665491,Mr,Student28,student28@iub.edu.bd,12345678,,,,,1
1634352,Mr,Student29,student29@iub.edu.bd,12345678,,,,,1
1661638,Mr,Student30,student30@iub.edu.bd,12345678,,,,,1
1686272,Mr,Student31,student31@iub.edu.bd,12345678,,,,,1
1729416,Mr,Student32,student32@iub.edu.bd,12345678,,,,,1
1763881,Mr,Student33,student33@iub.edu.bd,12345678,,,,,1
1781682,Mr,Student34,student34@iub.edu.bd,12345678,,,,,1
1778274,Mr,Student35,student35@iub.edu.bd,12345678,,,,,1
1795656,Mr,Student36,student36@iub.edu.bd,12345678,,,,,1
1773277,Mr,Student37,student37@iub.edu.bd,12345678,,,,,1
1759787,Mr,Student38,student38@iub.edu.bd,12345678,,,,,1
1743714,Mr,Student39,student39@iub.edu.bd,12345678,,,,,1
1747457,Mr,Student40,student40@iub.edu.bd,12345678,,,,,1
1728125,Mr,Student41,student41@iub.edu.bd,12345678,,,,,1
1783512,Mr,Student42,student42@iub.edu.bd,12345678,,,,,1
1768463,Mr,Student43,student43@iub.edu.bd,12345678,,,,,1
1797625,Mr,Student44,student44@iub.edu.bd,12345678,,,,,1
1754681,Mr,Student45,student45@iub.edu.bd,12345678,,,,,1
1798883,Mr,Student46,student46@iub.edu.bd,12345678,,,,,1
1769463,Mr,Student47,student47@iub.edu.bd,12345678,,,,,1
1766156,Mr,Student48,student48@iub.edu.bd,12345678,,,,,1
1772947,Mr,Student49,student49@iub.edu.bd,12345678,,,,,1
1731817,Mr,Student50,student50@iub.edu.bd,12345678,,,,,1
1752538,Mr,Student51,student51@iub.edu.bd,12345678,,,,,1
1731852,Mr,Student52,student52@iub.edu.bd,12345678,,,,,1
1766176,Mr,Student53,student53@iub.edu.bd,12345678,,,,,1
1715578,Mr,Student54,student54@iub.edu.bd,12345678,,,,,1
1745484,Mr,Student55,student55@iub.edu.bd,12345678,,,,,1
1791753,Mr,Student56,student56@iub.edu.bd,12345678,,,,,1
1742892,Mr,Student57,student57@iub.edu.bd,12345678,,,,,1
1788337,Mr,Student58,student58@iub.edu.bd,12345678,,,,,1
1736425,Mr,Student59,student59@iub.edu.bd,12345678,,,,,1
1728439,Mr,Student60,student60@iub.edu.bd,12345678,,,,,1
1712983,Mr,Student61,student61@iub.edu.bd,12345678,,,,,1
1718437,Mr,Student62,student62@iub.edu.bd,12345678,,,,,1
1784847,Mr,Student63,student63@iub.edu.bd,12345678,,,,,1
1737824,Mr,Student64,student64@iub.edu.bd,12345678,,,,,1
1797789,Mr,Student65,student65@iub.edu.bd,12345678,,,,,1
1728139,Mr,Student66,student66@iub.edu.bd,12345678,,,,,1
1711619,Mr,Student67,student67@iub.edu.bd,12345678,,,,,1
1789481,Mr,Student68,student68@iub.edu.bd,12345678,,,,,1
1711729,Mr,Student69,student69@iub.edu.bd,12345678,,,,,1
1773384,Mr,Student70,student70@iub.edu.bd,12345678,,,,,1
1762565,Mr,Student71,student71@iub.edu.bd,12345678,,,,,1
1898334,Mr,Student72,student72@iub.edu.bd,12345678,,,,,1
1892367,Mr,Student73,student73@iub.edu.bd,12345678,,,,,1
1863951,Mr,Student74,student74@iub.edu.bd,12345678,,,,,1
1835298,Mr,Student75,student75@iub.edu.bd,12345678,,,,,1
1835874,Mr,Student76,student76@iub.edu.bd,12345678,,,,,1
1849651,Mr,Student77,student77@iub.edu.bd,12345678,,,,,1
1872128,Mr,Student78,student78@iub.edu.bd,12345678,,,,,1
1887973,Mr,Student79,student79@iub.edu.bd,12345678,,,,,1
1886577,Mr,Student80,student80@iub.edu.bd,12345678,,,,,1
1877262,Mr,Student81,student81@iub.edu.bd,12345678,,,,,1
1873255,Mr,Student82,student82@iub.edu.bd,12345678,,,,,1
1834433,Mr,Student83,student83@iub.edu.bd,12345678,,,,,1
1868128,Mr,Student84,student84@iub.edu.bd,12345678,,,,,1
1845457,Mr,Student85,student85@iub.edu.bd,12345678,,,,,1
1855787,Mr,Student86,student86@iub.edu.bd,12345678,,,,,1
1893863,Mr,Student87,student87@iub.edu.bd,12345678,,,,,1
1842333,Mr,Student88,student88@iub.edu.bd,12345678,,,,,1
